Workbook

Sheet Raw
A1: Raw Data — assessments.csv (13 rows, includes 1 exact duplicate)
A3: assessment_id | B3: month | C3: course_id | D3: batch | E3: score | F3: attendance_pct
A4: 1 | B4: Jan | C4: C1 | D4: Morning | E4: 72 | F4: 90
A5: 2 | B5: Jan | C5: C2 | D5: Evening | E5: 45 | F5: 70
A6: 3 | B6: Jan | C6: C3 | D6: Morning | E6: 65 | F6: 85
A7: 4 | B7: Jan | C7: C4 | D7: Weekend | E7: 38 | F7: 60
A8: 5 | B8: Feb | C8: C1 | D8: Evening | E8: 80 | F8: 95
A9: 6 | B9: Feb | C9: C2 | D9: Weekend | E9: 55 | F9: 80
A10: 7 | B10: Feb | C10: C3 | D10: Morning | E10: 48 | F10: 75
A11: 8 | B11: Feb | C11: C4 | D11: Evening | E11: 68 | F11: 88
A12: 9 | B12: Mar | C12: C1 | D12: Weekend | E12: 90 | F12: 98
A13: 10 | B13: Mar | C13: C2 | D13: Morning | E13: 60 | F13: 82
A14: 11 | B14: Mar | C14: C3 | D14: Evening | E14: 75 | F14: 92
A15: 12 | B15: Mar | C15: C4 | D15: Weekend | E15: 42 | F15: 65
A16: 12 | B16: Mar | C16: C4 | D16: Weekend | E16: 42 | F16: 65
A18: Row count check:
A19: Raw row count (before cleaning): | B19: =COUNTA(A4:A16) -> 13
A20: Note: | B20: Row 16 (assessment_id 12) is an exact duplicate of row 15 — removed in the Clean sheet.

Sheet Lookup
A1: Lookup Data — courses.csv (4 rows)
A3: course_id | B3: course | C3: department
A4: C1 | B4: Excel | C4: Business
A5: C2 | B5: PowerBI | C5: Business
A6: C3 | B6: SQL | C6: Technology
A7: C4 | B7: Python | C7: Technology

Sheet Clean
A1: Clean Data — duplicate removed, department looked up, pass_flag derived
A3: assessment_id | B3: month | C3: course_id | D3: batch | E3: score | F3: attendance_pct | G3: department | H3: pass_flag
A4: 1 | B4: Jan | C4: C1 | D4: Morning | E4: 72 | F4: 90 | G4: =INDEX(Lookup!$C$4:$C$7,MATCH(C4,Lookup!$A$4:$A$7,0)) -> Business | H4: =IF(E4>=50,1,0) -> 1
A5: 2 | B5: Jan | C5: C2 | D5: Evening | E5: 45 | F5: 70 | G5: =INDEX(Lookup!$C$4:$C$7,MATCH(C5,Lookup!$A$4:$A$7,0)) -> Business | H5: =IF(E5>=50,1,0) -> 0
A6: 3 | B6: Jan | C6: C3 | D6: Morning | E6: 65 | F6: 85 | G6: =INDEX(Lookup!$C$4:$C$7,MATCH(C6,Lookup!$A$4:$A$7,0)) -> Technology | H6: =IF(E6>=50,1,0) -> 1
A7: 4 | B7: Jan | C7: C4 | D7: Weekend | E7: 38 | F7: 60 | G7: =INDEX(Lookup!$C$4:$C$7,MATCH(C7,Lookup!$A$4:$A$7,0)) -> Technology | H7: =IF(E7>=50,1,0) -> 0
A8: 5 | B8: Feb | C8: C1 | D8: Evening | E8: 80 | F8: 95 | G8: =INDEX(Lookup!$C$4:$C$7,MATCH(C8,Lookup!$A$4:$A$7,0)) -> Business | H8: =IF(E8>=50,1,0) -> 1
A9: 6 | B9: Feb | C9: C2 | D9: Weekend | E9: 55 | F9: 80 | G9: =INDEX(Lookup!$C$4:$C$7,MATCH(C9,Lookup!$A$4:$A$7,0)) -> Business | H9: =IF(E9>=50,1,0) -> 1
A10: 7 | B10: Feb | C10: C3 | D10: Morning | E10: 48 | F10: 75 | G10: =INDEX(Lookup!$C$4:$C$7,MATCH(C10,Lookup!$A$4:$A$7,0)) -> Technology | H10: =IF(E10>=50,1,0) -> 0
A11: 8 | B11: Feb | C11: C4 | D11: Evening | E11: 68 | F11: 88 | G11: =INDEX(Lookup!$C$4:$C$7,MATCH(C11,Lookup!$A$4:$A$7,0)) -> Technology | H11: =IF(E11>=50,1,0) -> 1
A12: 9 | B12: Mar | C12: C1 | D12: Weekend | E12: 90 | F12: 98 | G12: =INDEX(Lookup!$C$4:$C$7,MATCH(C12,Lookup!$A$4:$A$7,0)) -> Business | H12: =IF(E12>=50,1,0) -> 1
A13: 10 | B13: Mar | C13: C2 | D13: Morning | E13: 60 | F13: 82 | G13: =INDEX(Lookup!$C$4:$C$7,MATCH(C13,Lookup!$A$4:$A$7,0)) -> Business | H13: =IF(E13>=50,1,0) -> 1
A14: 11 | B14: Mar | C14: C3 | D14: Evening | E14: 75 | F14: 92 | G14: =INDEX(Lookup!$C$4:$C$7,MATCH(C14,Lookup!$A$4:$A$7,0)) -> Technology | H14: =IF(E14>=50,1,0) -> 1
A15: 12 | B15: Mar | C15: C4 | D15: Weekend | E15: 42 | F15: 65 | G15: =INDEX(Lookup!$C$4:$C$7,MATCH(C15,Lookup!$A$4:$A$7,0)) -> Technology | H15: =IF(E15>=50,1,0) -> 0
A17: Row count check:
A18: Before (Raw): | B18: =COUNTA(Raw!A4:A16) -> 13
A19: After (Clean, unique): | B19: =COUNTA(A4:A15) -> 12

Sheet Summary
A1: Summary — Pass Counts by Batch, Avg Score by Department x Month
A3: Passing Assessments by Batch (pass_flag = 1)
A4: Batch | B4: Passing Count
A5: Morning | B5: =COUNTIFS(Clean!$D$4:$D$15,A5,Clean!$H$4:$H$15,1) -> 3
A6: Evening | B6: =COUNTIFS(Clean!$D$4:$D$15,A6,Clean!$H$4:$H$15,1) -> 3
A7: Weekend | B7: =COUNTIFS(Clean!$D$4:$D$15,A7,Clean!$H$4:$H$15,1) -> 2
A10: Average Score by Department (rows) x Month (columns, Jan→Feb→Mar)
A11: Department | B11: Jan | C11: Feb | D11: Mar | E11: Grand Total
A12: Business | B12: =IFERROR(ROUND(AVERAGEIFS(Clean!$E$4:$E$15,Clean!$G$4:$G$15,$A12,Clean!$B$4:$B$15,B$11),2),"") -> 58.5 | C12: =IFERROR(ROUND(AVERAGEIFS(Clean!$E$4:$E$15,Clean!$G$4:$G$15,$A12,Clean!$B$4:$B$15,C$11),2),"") -> 67.5 | D12: =IFERROR(ROUND(AVERAGEIFS(Clean!$E$4:$E$15,Clean!$G$4:$G$15,$A12,Clean!$B$4:$B$15,D$11),2),"") -> 75 | E12: =ROUND(AVERAGEIFS(Clean!$E$4:$E$15,Clean!$G$4:$G$15,$A12),2) -> 67
A13: Technology | B13: =IFERROR(ROUND(AVERAGEIFS(Clean!$E$4:$E$15,Clean!$G$4:$G$15,$A13,Clean!$B$4:$B$15,B$11),2),"") -> 51.5 | C13: =IFERROR(ROUND(AVERAGEIFS(Clean!$E$4:$E$15,Clean!$G$4:$G$15,$A13,Clean!$B$4:$B$15,C$11),2),"") -> 58 | D13: =IFERROR(ROUND(AVERAGEIFS(Clean!$E$4:$E$15,Clean!$G$4:$G$15,$A13,Clean!$B$4:$B$15,D$11),2),"") -> 58.5 | E13: =ROUND(AVERAGEIFS(Clean!$E$4:$E$15,Clean!$G$4:$G$15,$A13),2) -> 56
A14: Grand Total | B14: =ROUND(AVERAGEIFS(Clean!$E$4:$E$15,Clean!$B$4:$B$15,B$11),2) -> 55 | C14: =ROUND(AVERAGEIFS(Clean!$E$4:$E$15,Clean!$B$4:$B$15,C$11),2) -> 62.75 | D14: =ROUND(AVERAGEIFS(Clean!$E$4:$E$15,Clean!$B$4:$B$15,D$11),2) -> 66.75 | E14: =ROUND(AVERAGE(Clean!$E$4:$E$15),2) -> 61.5
A16: Note: built as a live formula-driven cross-tab (AVERAGEIFS) so it recalculates automatically if source data changes. To satisfy the PivotTable requirement exactly, select Clean!A3:H15 in Excel and insert Insert > PivotTable (rows=department, columns=month, values=Average of score) — the underlying figures will match this table exactly.

Sheet Insights
A1: Insights — Supplementary Deep-Dive Analysis
A2: (Goes beyond the exam's minimum requirement — supports the Findings section in README.md)
A4: 1. Attendance vs. Score Correlation
A5: Pearson correlation (CORREL): | B5: =ROUND(CORREL(Clean!$E$4:$E$15,Clean!$F$4:$F$15),3) -> 0.977
A6: Interpretation: values above 0.9 indicate a very strong positive relationship — attendance is a leading indicator of score.
A8: 2. Average Score & Attendance by Batch x Department
A9: Batch | B9: Department | C9: Avg Score | D9: Avg Attendance | E9: n
A10: Morning | B10: Business | C10: =IFERROR(ROUND(AVERAGEIFS(Clean!$E$4:$E$15,Clean!$D$4:$D$15,A10,Clean!$G$4:$G$15,B10),2),"n/a") -> 66 | D10: =IFERROR(ROUND(AVERAGEIFS(Clean!$F$4:$F$15,Clean!$D$4:$D$15,A10,Clean!$G$4:$G$15,B10),2),"n/a") -> 86 | E10: =COUNTIFS(Clean!$D$4:$D$15,A10,Clean!$G$4:$G$15,B10) -> 2
A11: Morning | B11: Technology | C11: =IFERROR(ROUND(AVERAGEIFS(Clean!$E$4:$E$15,Clean!$D$4:$D$15,A11,Clean!$G$4:$G$15,B11),2),"n/a") -> 56.5 | D11: =IFERROR(ROUND(AVERAGEIFS(Clean!$F$4:$F$15,Clean!$D$4:$D$15,A11,Clean!$G$4:$G$15,B11),2),"n/a") -> 80 | E11: =COUNTIFS(Clean!$D$4:$D$15,A11,Clean!$G$4:$G$15,B11) -> 2
A12: Evening | B12: Business | C12: =IFERROR(ROUND(AVERAGEIFS(Clean!$E$4:$E$15,Clean!$D$4:$D$15,A12,Clean!$G$4:$G$15,B12),2),"n/a") -> 62.5 | D12: =IFERROR(ROUND(AVERAGEIFS(Clean!$F$4:$F$15,Clean!$D$4:$D$15,A12,Clean!$G$4:$G$15,B12),2),"n/a") -> 82.5 | E12: =COUNTIFS(Clean!$D$4:$D$15,A12,Clean!$G$4:$G$15,B12) -> 2
A13: Evening | B13: Technology | C13: =IFERROR(ROUND(AVERAGEIFS(Clean!$E$4:$E$15,Clean!$D$4:$D$15,A13,Clean!$G$4:$G$15,B13),2),"n/a") -> 71.5 | D13: =IFERROR(ROUND(AVERAGEIFS(Clean!$F$4:$F$15,Clean!$D$4:$D$15,A13,Clean!$G$4:$G$15,B13),2),"n/a") -> 90 | E13: =COUNTIFS(Clean!$D$4:$D$15,A13,Clean!$G$4:$G$15,B13) -> 2
A14: Weekend | B14: Business | C14: =IFERROR(ROUND(AVERAGEIFS(Clean!$E$4:$E$15,Clean!$D$4:$D$15,A14,Clean!$G$4:$G$15,B14),2),"n/a") -> 72.5 | D14: =IFERROR(ROUND(AVERAGEIFS(Clean!$F$4:$F$15,Clean!$D$4:$D$15,A14,Clean!$G$4:$G$15,B14),2),"n/a") -> 89 | E14: =COUNTIFS(Clean!$D$4:$D$15,A14,Clean!$G$4:$G$15,B14) -> 2
A15: Weekend | B15: Technology | C15: =IFERROR(ROUND(AVERAGEIFS(Clean!$E$4:$E$15,Clean!$D$4:$D$15,A15,Clean!$G$4:$G$15,B15),2),"n/a") -> 40 | D15: =IFERROR(ROUND(AVERAGEIFS(Clean!$F$4:$F$15,Clean!$D$4:$D$15,A15,Clean!$G$4:$G$15,B15),2),"n/a") -> 62.5 | E15: =COUNTIFS(Clean!$D$4:$D$15,A15,Clean!$G$4:$G$15,B15) -> 2
A17: Highlighted row = weakest segment (lowest average score).
A19: 3. Course Score Trend by Month (Jan→Feb→Mar)
A20: Course | B20: Jan | C20: Feb | D20: Mar | E20: Change (Mar-Jan)
A21: Excel | B21: =IFERROR(ROUND(AVERAGEIFS(Clean!$E$4:$E$15,Clean!$C$4:$C$15,"C1",Clean!$B$4:$B$15,"Jan"),2),"") -> 72 | C21: =IFERROR(ROUND(AVERAGEIFS(Clean!$E$4:$E$15,Clean!$C$4:$C$15,"C1",Clean!$B$4:$B$15,"Feb"),2),"") -> 80 | D21: =IFERROR(ROUND(AVERAGEIFS(Clean!$E$4:$E$15,Clean!$C$4:$C$15,"C1",Clean!$B$4:$B$15,"Mar"),2),"") -> 90 | E21: =D21-B21 -> 18
A22: PowerBI | B22: =IFERROR(ROUND(AVERAGEIFS(Clean!$E$4:$E$15,Clean!$C$4:$C$15,"C2",Clean!$B$4:$B$15,"Jan"),2),"") -> 45 | C22: =IFERROR(ROUND(AVERAGEIFS(Clean!$E$4:$E$15,Clean!$C$4:$C$15,"C2",Clean!$B$4:$B$15,"Feb"),2),"") -> 55 | D22: =IFERROR(ROUND(AVERAGEIFS(Clean!$E$4:$E$15,Clean!$C$4:$C$15,"C2",Clean!$B$4:$B$15,"Mar"),2),"") -> 60 | E22: =D22-B22 -> 15
A23: SQL | B23: =IFERROR(ROUND(AVERAGEIFS(Clean!$E$4:$E$15,Clean!$C$4:$C$15,"C3",Clean!$B$4:$B$15,"Jan"),2),"") -> 65 | C23: =IFERROR(ROUND(AVERAGEIFS(Clean!$E$4:$E$15,Clean!$C$4:$C$15,"C3",Clean!$B$4:$B$15,"Feb"),2),"") -> 48 | D23: =IFERROR(ROUND(AVERAGEIFS(Clean!$E$4:$E$15,Clean!$C$4:$C$15,"C3",Clean!$B$4:$B$15,"Mar"),2),"") -> 75 | E23: =D23-B23 -> 10
A24: Python | B24: =IFERROR(ROUND(AVERAGEIFS(Clean!$E$4:$E$15,Clean!$C$4:$C$15,"C4",Clean!$B$4:$B$15,"Jan"),2),"") -> 38 | C24: =IFERROR(ROUND(AVERAGEIFS(Clean!$E$4:$E$15,Clean!$C$4:$C$15,"C4",Clean!$B$4:$B$15,"Feb"),2),"") -> 68 | D24: =IFERROR(ROUND(AVERAGEIFS(Clean!$E$4:$E$15,Clean!$C$4:$C$15,"C4",Clean!$B$4:$B$15,"Mar"),2),"") -> 42 | E24: =D24-B24 -> 4
A27: 4. Rows with Attendance Below 75% (all failed, pass_flag = 0)
A28: assessment_id | B28: month | C28: course_id | D28: batch | E28: score | F28: attendance_pct | G28: pass_flag
A29: =Clean!A5 -> 2 | B29: =Clean!B5 -> Jan | C29: =Clean!C5 -> C2 | D29: =Clean!D5 -> Evening | E29: =Clean!E5 -> 45 | F29: =Clean!F5 -> 70 | G29: =Clean!H5 -> 0
A30: =Clean!A7 -> 4 | B30: =Clean!B7 -> Jan | C30: =Clean!C7 -> C4 | D30: =Clean!D7 -> Weekend | E30: =Clean!E7 -> 38 | F30: =Clean!F7 -> 60 | G30: =Clean!H7 -> 0
A31: =Clean!A15 -> 12 | B31: =Clean!B15 -> Mar | C31: =Clean!C15 -> C4 | D31: =Clean!D15 -> Weekend | E31: =Clean!E15 -> 42 | F31: =Clean!F15 -> 65 | G31: =Clean!H15 -> 0
A33: All three low-attendance rows also failed — consistent with the strong attendance-score correlation above.
